repo	file	template_sha12	failure_mode
litert-community/Falcon-H1-0.5B-Instruct	Falcon-H1-0.5B-Instruct_int8.litertlm	b4bb2b316799	S-RAISE
litert-community/Falcon-H1-1.5B-Deep-Instruct	Falcon-H1-1.5B-Deep-Instruct_int8.litertlm	b4bb2b316799	S-RAISE
litert-community/Falcon-H1-1.5B-Instruct	Falcon-H1-1.5B-Instruct_int8.litertlm	b4bb2b316799	S-RAISE
litert-community/Falcon-H1-3B-Instruct	Falcon-H1-3B-Instruct_int8.litertlm	b4bb2b316799	S-RAISE
litert-community/Falcon-H1-Tiny-R-0.6B	Falcon-H1-Tiny-R-0.6B_int8.litertlm	1b73228ab46a	S-RAISE
litert-community/Hy-MT2-1.8B	Hy-MT2-1.8B_int8.litertlm	b7491ec0e9c8	S-LEAK
litert-community/LFM2.5-1.2B-Instruct	LFM2.5-1.2B-Instruct_int4.litertlm	f05bf4b967dc	S-LEAK
litert-community/LFM2.5-1.2B-Instruct	LFM2.5-1.2B-Instruct_int4_gpu.litertlm	f05bf4b967dc	S-LEAK
litert-community/LFM2.5-1.2B-Instruct	LFM2.5-1.2B-Instruct_int8.litertlm	f05bf4b967dc	S-LEAK
litert-community/LFM2.5-1.2B-JP	LFM2.5-1.2B-JP_int4.litertlm	f05bf4b967dc	S-LEAK
litert-community/LFM2.5-1.2B-JP	LFM2.5-1.2B-JP_int4_gpu.litertlm	f05bf4b967dc	S-LEAK
litert-community/LFM2.5-1.2B-JP	LFM2.5-1.2B-JP_int8.litertlm	f05bf4b967dc	S-LEAK
litert-community/LFM2.5-1.2B-JP	LFM2.5-1.2B-JP_int8_gpu.litertlm	f05bf4b967dc	S-LEAK
litert-community/LFM2.5-1.2B-Thinking	LFM2.5-1.2B-Thinking_int4.litertlm	f05bf4b967dc	S-LEAK
litert-community/LFM2.5-1.2B-Thinking	LFM2.5-1.2B-Thinking_int4_gpu.litertlm	f05bf4b967dc	S-LEAK
litert-community/LFM2.5-1.2B-Thinking	LFM2.5-1.2B-Thinking_int8.litertlm	f05bf4b967dc	S-LEAK
litert-community/LFM2.5-1.2B-Thinking	LFM2.5-1.2B-Thinking_int8_gpu.litertlm	f05bf4b967dc	S-LEAK
litert-community/LFM2.5-2.6B	LFM2.5-2.6B_int4.litertlm	3a8ee65d196e	S-LEAK
litert-community/LFM2.5-2.6B	LFM2.5-2.6B_int8.litertlm	3a8ee65d196e	S-LEAK
litert-community/Ministral-3-3B-Instruct-2512	Ministral-3-3B-Instruct-2512_q4_block32_ekv4096.litertlm	5cfa2f66f4aa	S-LEAK
litert-community/Ministral-3-3B-Reasoning-2512	model.litertlm	5a8fb3b0523a	S-LEAK
litert-community/Nanbeige4.1-3B	model.litertlm	096bdee49b7d	S-LEAK
litert-community/Nanbeige4.2-3B	model.litertlm	b7973c1b33f4	S-LEAK
litert-community/Nanbeige4.2-3B	model_fp32act.litertlm	b7973c1b33f4	S-LEAK
litert-community/Nemotron-3-Nano-4B	Nemotron-3-Nano-4B_int8.litertlm	ab7813c3abdd	S-LEAK
litert-community/Nemotron-H-4B-Instruct-128K	Nemotron-H-4B-Instruct-128K_int8.litertlm	1f1676933e2d	S-LEAK
litert-community/PaddleOCR-VL-1.6	PaddleOCR-VL-1.6.litertlm	e9139a664f9d	S-DROP
litert-community/Phi-4-mini-reasoning	model.litertlm	d05de611ebbf	S-LEAK
litert-community/Qwen3.5-0.8B	Qwen3.5-0.8B_int8.litertlm	b3f69d650a63	S-LEAK
litert-community/Qwen3.5-2B	Qwen3.5-2B_int8.litertlm	b3f69d650a63	S-LEAK
litert-community/Qwen3.5-4B	Qwen3.5-4B_int8.litertlm	b3f69d650a63	S-LEAK
litert-community/Qwen3.5-4B	Qwen3.5-4B_mixed_int4.litertlm	b3f69d650a63	S-LEAK
litert-community/Shieldstral-1.0-3B	Shieldstral-1.0-3B-vision_int4.litertlm	f6fd91f40fe0	S-DROP
litert-community/Shieldstral-1.0-3B	Shieldstral-1.0-3B-vision_int4_gpu.litertlm	f6fd91f40fe0	S-DROP
litert-community/SmolLM3-3B	SmolLM3-3B_q4_block32_ekv4096.litertlm	bf70278ec779	S-LEAK
litert-community/Spark-X2.5-1.7B	Spark-X2.5-1.7B_int4.litertlm	03ce4a8a122f	S-RAISE
litert-community/Spark-X2.5-1.7B	Spark-X2.5-1.7B_int8.litertlm	03ce4a8a122f	S-RAISE
litert-community/Spark-X2.5-4B	Spark-X2.5-4B_int4.litertlm	03ce4a8a122f	S-RAISE
litert-community/Spark-X2.5-4B	Spark-X2.5-4B_int8.litertlm	03ce4a8a122f	S-RAISE
litert-community/VibeThinker-3B	model.litertlm	460cb42fdd40	S-LEAK
litert-community/Zamba2-1.2B-instruct	Zamba2-1.2B-instruct_int8.litertlm	153280e3ff55	S-RAISE
litert-community/Zamba2-2.7B-instruct	Zamba2-2.7B-instruct_int8.litertlm	153280e3ff55	S-RAISE
mlboydaisuke/Falcon3-3B-Instruct-LiteRT	model.litertlm	914ccd80356f	S-RAISE
mlboydaisuke/Llama-3.2-3B-Instruct-LiteRT	model.litertlm	16a45cbae34d	S-LEAK
mlboydaisuke/MiniCPM5-2B-LiteRT	MiniCPM5-2B_int4.litertlm	cc945752db55	S-DROP
mlboydaisuke/MiniCPM5-2B-LiteRT	MiniCPM5-2B_int8.litertlm	cc945752db55	S-DROP
mlboydaisuke/Ministral-3-3B-Instruct-2512-LiteRT	model.litertlm	252148ee7e54	S-LEAK
mlboydaisuke/Mordant-3B-Think-LiteRT	Mordant-3B-Think_int8.litertlm	34733eac69ed	S-LEAK
mlboydaisuke/Qwen2.5-3B-Instruct-LiteRT	model.litertlm	369c53d3ab00	S-LEAK
mlboydaisuke/Qwen3-0.6B-Code-Expert-LiteRT	model.litertlm	8428c815ac94	S-RAISE
mlboydaisuke/Qwen3-0.6B-LiteRT-gpu-composites	Qwen3-0.6B_dynamic_wi4b32_afp32_11flags.litertlm	4155a0aa5616	S-DROP
mlboydaisuke/Qwen3-0.6B-LiteRT-gpu-composites	Qwen3-0.6B_dynamic_wi4b32_afp32_9flags.litertlm	4155a0aa5616	S-DROP
mlboydaisuke/Qwen3-0.6B-LiteRT-gpu-composites	Qwen3-0.6B_dynamic_wi4b32_afp32_9flags_rope.litertlm	4155a0aa5616	S-DROP
mlboydaisuke/Qwen3-1.7B-LiteRT	model.litertlm	a55ee1b16601	S-DROP
mlboydaisuke/Qwen3-4B-LiteRT-gpu-composites	Qwen3-4B_dynamic_wi4b32_afp32_11flags.litertlm	4155a0aa5616	S-DROP
mlboydaisuke/Qwen3-4B-LiteRT-gpu-composites	Qwen3-4B_dynamic_wi4b32_afp32_9flags.litertlm	4155a0aa5616	S-DROP
mlboydaisuke/Qwen3.5-0.8B-MTP-repro-LiteRT	Qwen3.5-0.8B_mtp_drafter_int8.litertlm	b3f69d650a63	S-LEAK
mlboydaisuke/S1-mini-LiteRT	S1-mini_int8.litertlm	4cca9d116922	S-RAISE
mlboydaisuke/SmolLM3-3B-LiteRT	model.litertlm	c6b463e0706d	S-LEAK
mlboydaisuke/TwIL-LM3-LiteRT	TwIL-LM3_int4.litertlm	4bd85b95399f	S-LEAK
